Bagaimana Cara Daftar Online ?,Daftar Online bisa melalui website : pmb.ukdw.ac.id
Bagaimana cara melakukan pendaftaran secara online?,Daftar Online bisa melalui website : pmb.ukdw.ac.id
Bagaimana cara mendaftar secara online?,Daftar Online bisa melalui website : pmb.ukdw.ac.id
Bagaimana cara melakukan pembayaran formulir pendaftaran ?,Pembayaran dilakukan dengan invoice no.billing. No billing akan muncul di formulir pendaftaran online.
Gimana cara membayar formulir pendaftaran?,Pembayaran dilakukan dengan invoice no.billing. No billing akan muncul di formulir pendaftaran online.
Bagaimana bayar formulir pendaftaran?,Pembayaran dilakukan dengan invoice no.billing. No billing akan muncul di formulir pendaftaran online.
Apakah bayar biaya pendaftaran bisa via ATM ?,"Bisa kok. Pembayaran bisa dilakukan via ATM dengan menggunakan kode pembayaran dan memperhatikan petunjuk pada invoice. Hanya berlaku atm BRI, BNI,& BPD."
Apa pembayaran biaya pendaftaran dapat dilakukan melalui ATM?,"Bisa kok. Pembayaran bisa dilakukan via ATM dengan menggunakan kode pembayaran dan memperhatikan petunjuk pada invoice. Hanya berlaku atm BRI, BNI,& BPD."
Apa bisa biaya pendaftaran dibayar melalui ATM?,"Bisa kok. Pembayaran bisa dilakukan via ATM dengan menggunakan kode pembayaran dan memperhatikan petunjuk pada invoice. Hanya berlaku atm BRI, BNI,& BPD."
Apakah pembayaran dapat dilakukan di semua bank ?,"Tidak. Pembayaran hanya dapat dilakukan via Bank BNI, BRI dan BPD"
Apakah membayar pendaftaran dapat dilakukan di semua bank?,"Tidak. Pembayaran hanya dapat dilakukan via Bank BNI, BRI dan BPD"
Bisakah pembayaran dilakukan pada semua bank?,"Tidak. Pembayaran hanya dapat dilakukan via Bank BNI, BRI dan BPD"
Bisakah melalukan pendaftaran melalui bank BRI?,"Ya, pembayaran dapat dilakukan melalui Bank BRI"
Apakah membayar pendaftaran dapat dilakukan pada bank BRI?,"Ya, pembayaran dapat dilakukan melalui Bank BRI"
Apakah pembayaran bisa dilakukan melalui m-banking?,"Ya, bisa"
Apakah saya dapat membayar melalui mobile banking?,"Ya, bisa"
Apakah teologi Wajib Asrama?,"Iya, Teologi wajib Asrama. Di asrama hanya untuk mahasiswa/i teologi aja kok."
Apakah mahasiswa teologi wajib masuk asrama?,"Iya, Teologi wajib Asrama. Di asrama hanya untuk mahasiswa/i teologi aja kok."
Apakah mahasiswa teologi diwajibkan untuk masuk asrama?,"Iya, Teologi wajib Asrama. Di asrama hanya untuk mahasiswa/i teologi aja kok."
Berapa lama teologi wajib asrama?,"Teologi wajib Asrama 2 tahun( 4 semester), setelah itu mahasiswa bisa kos"
Berapa durasi masa wajib asrama untuk mahasiswa teologi?,"Teologi wajib Asrama 2 tahun( 4 semester), setelah itu mahasiswa bisa kos"
Berapa jangka waktu wajib asrama buat mahasiswa teologi?,"Teologi wajib Asrama 2 tahun( 4 semester), setelah itu mahasiswa bisa kos"
Apakah UKDW mempunyai asrama ?,"ya. UKDW mempunyai asrama Babadan ( 12 km dari kampus) yang menampung 100 orang , jika berminat dapat menghubungi Bpk. Yusri(kepala asrama) No.telp : 083877961039"
Apakah universitas UKDW memiliki asrama?,"ya. UKDW mempunyai asrama Babadan ( 12 km dari kampus) yang menampung 100 orang , jika berminat dapat menghubungi Bpk. Yusri(kepala asrama) No.telp : 083877961039"
Apakah UKDW memiliki asrama?,"ya. UKDW mempunyai asrama Babadan ( 12 km dari kampus) yang menampung 100 orang , jika berminat dapat menghubungi Bpk. Yusri(kepala asrama) No.telp : 083877961039"
Apakah kampus UKDW mempunyai asrama?,"ya. UKDW mempunyai asrama Babadan ( 12 km dari kampus) yang menampung 100 orang , jika berminat dapat menghubungi Bpk. Yusri(kepala asrama) No.telp : 083877961039"
Berapa kuota untuk kedokteran per angkatan ?,Kuota kedokteran sekitar 100 Orang
Berapa jumlah mahasiswa kedokteran yang diterima setiap angkatan?,Kuota kedokteran sekitar 100 Orang
Berapa jumlah mahasiswa kedokteran per angkatan?,Kuota kedokteran sekitar 100 Orang
Berapakah kuota kedokteran yang diterima untuk setiap angkatan?,Kuota kedokteran sekitar 100 Orang
Berapa kuota untuk Teologi per angkatan ?,Kuota untuk teologi sekitar 60 orang
Berapa jumlah mahasiswa teologi yang diterima setiap angkatan?,Kuota untuk teologi sekitar 60 orang
Berapa jumlah mahasiswa teologi per angkatan?,Kuota untuk teologi sekitar 60 orang
Berapakah kuota teologi yang diterima untuk setiap angkatan?,Kuota untuk teologi sekitar 60 orang
Apakah biaya kedokteran bisa dicicil ?,maaf banget tidak bisa.. Untuk Biaya khusus kedokteran tidak bisa di cicil ya
Apakah pembayaran biaya kedokteran dapat dicicil?,maaf banget tidak bisa.. Untuk Biaya khusus kedokteran tidak bisa di cicil ya
Apakah saya dapat membayar biaya kedokteran dengan mencicil?,maaf banget tidak bisa.. Untuk Biaya khusus kedokteran tidak bisa di cicil ya
Berapa lama jangka waktu pembayaran mahasiswa kedokteran?,Selama 1 minggu setelah pengumuman
Berapa lama masa pembayaran mahasiswa kedokteran?,Selama 1 minggu setelah pengumuman
Berapa durasi waktu untuk membayar biaya kedokteran?,Selama 1 minggu setelah pengumuman
Apa itu program placement test ICE ?,"ICE ( introduction to college english) adalah program wajib non SKS yang merupakan mata kuliah prasyarat untuk mengambil mata kuliah Bahasa inggris. Program Ice dibagi dalam 3 level ( level 1, level 2 , level 3 ) yang harus diselesaikan sampai dengan 3 level . Jika sudah lulus maka akan mendapat sertifikat ice dari PPB."
Apa itu program placement tes ICE ?,"ICE ( introduction to college english) adalah program wajib non SKS yang merupakan mata kuliah prasyarat untuk mengambil mata kuliah Bahasa inggris. Program Ice dibagi dalam 3 level ( level 1, level 2 , level 3 ) yang harus diselesaikan sampai dengan 3 level . Jika sudah lulus maka akan mendapat sertifikat ice dari PPB."
Apa itu tes penempatan ICE?,"ICE ( introduction to college english) adalah program wajib non SKS yang merupakan mata kuliah prasyarat untuk mengambil mata kuliah Bahasa inggris. Program Ice dibagi dalam 3 level ( level 1, level 2 , level 3 ) yang harus diselesaikan sampai dengan 3 level . Jika sudah lulus maka akan mendapat sertifikat ice dari PPB."
Apa itu ICE?,"ICE ( introduction to college english) adalah program wajib non SKS yang merupakan mata kuliah prasyarat untuk mengambil mata kuliah Bahasa inggris. Program Ice dibagi dalam 3 level ( level 1, level 2 , level 3 ) yang harus diselesaikan sampai dengan 3 level . Jika sudah lulus maka akan mendapat sertifikat ice dari PPB."
Apa itu program ICE?,"ICE ( introduction to college english) adalah program wajib non SKS yang merupakan mata kuliah prasyarat untuk mengambil mata kuliah Bahasa inggris. Program Ice dibagi dalam 3 level ( level 1, level 2 , level 3 ) yang harus diselesaikan sampai dengan 3 level . Jika sudah lulus maka akan mendapat sertifikat ice dari PPB."
Apakah dapat potongan jika ada saudara kandung di UKDW?,Bisa banget. Cukup menyertakan persyaratan tambahan seperti : a. Fotocopy Kartu Keluarga b. Fotocopy ijazah(bila alumni) aau Fotocopy KTM
Apa mahasiswa baru bisa mendapat potongan biaya jika ada saudara kandung di UKDW?,Bisa banget. Cukup menyertakan persyaratan tambahan seperti : a. Fotocopy Kartu Keluarga b. Fotocopy ijazah(bila alumni) aau Fotocopy KTM
Apakah bisa mendapatkan potongan biaya untuk adik dari alumni UKDW?,Bisa banget. Cukup menyertakan persyaratan tambahan seperti : a. Fotocopy Kartu Keluarga b. Fotocopy ijazah(bila alumni) aau Fotocopy KTM
Maksimal coba tes Kedokteran berapa kali kak?,Maksimal coba tes hanya 2 kali dalam 1 tahun periode PMB.
Berapa maksimal percobaan test kedokteran?,Maksimal coba tes hanya 2 kali dalam 1 tahun periode PMB.
Berapa batas maksimal mengikuti ujian masuk kedokteran?,Maksimal coba tes hanya 2 kali dalam 1 tahun periode PMB.
Berapa lama sih kuliah kedokteran di UKDW?,Kuliah di FK ukdw itu 4 tahun untuk S.Ked. dan 2 tahun untuk profesi Dokter
Berapa masa belajar kuliah kedokteran?,Kuliah di FK ukdw itu 4 tahun untuk S.Ked. dan 2 tahun untuk profesi Dokter
Berapa tahun minimal kelulusan kedokteran UKDW?,Kuliah di FK ukdw itu 4 tahun untuk S.Ked. dan 2 tahun untuk profesi Dokter
Berapa lama sih kuliah kedokteran di UKDW?,Kuliah di FK ukdw itu 4 tahun untuk S.Ked. dan 2 tahun untuk profesi Dokter
Apakah Homeschooling bisa mendaftar di UKDW?,"Maaf, Untuk saat ini UKDW hanya bisa menerima lulusan SMA/SMU, SMK"
Apakah Home schooling bisa mendaftar di UKDW?,"Maaf, Untuk saat ini UKDW hanya bisa menerima lulusan SMA/SMU, SMK"
Apakah UKDW menerima siswa homeschooling?,"Maaf, Untuk saat ini UKDW hanya bisa menerima lulusan SMA/SMU, SMK"
Apakah UKDW menerima siswa homeschooling?,"Maaf, Untuk saat ini UKDW hanya bisa menerima lulusan SMA/SMU, SMK"
Apakah Ujian PMB di UKDW sudah dibuka?,"Sudah, silahkan cek diwebsite pmb.ukdw.ac.id yaa"
Apakah ujian penerimaan mahasiswa baru di ukdw sudah dibuka?,"Sudah, silahkan cek diwebsite pmb.ukdw.ac.id yaa"
Apakah PMB di UKDW sudah dilaksanakan?,"Sudah, silahkan cek diwebsite pmb.ukdw.ac.id yaa"
apakah ujian penerimaan mahasiswa di UKDW sudah ada?,"Sudah, silahkan cek diwebsite pmb.ukdw.ac.id yaa"
Apakah ada perubahan skema ujian Tes Kedokteran saat Pandemik Corona?,"iya ada, Tes sekarang tidak harus ke UKDW. Melainkan Tes Online ya"
Apakah ada perubahan skema ujian Tes Kedokteran saat Pandemik COVID-19?,"iya ada, Tes sekarang tidak harus ke UKDW. Melainkan Tes Online ya"
Apakah ada perubahan skema ujian Tes Kedokteran saat Pandemik Coronavirus?,"iya ada, Tes sekarang tidak harus ke UKDW. Melainkan Tes Online ya"
Apakah pelaksanaan ujian kedokteran berubah sejak pandemi Coronavirus?,"iya ada, Tes sekarang tidak harus ke UKDW. Melainkan Tes Online ya"
Apakah pelaksanaan ujian kedokteran berubah sejak pandemi COVID?,"iya ada, Tes sekarang tidak harus ke UKDW. Melainkan Tes Online ya"
Apakah pelaksanaan ujian kedokteran berubah sejak pandemi corona?,"iya ada, Tes sekarang tidak harus ke UKDW. Melainkan Tes Online ya"
Apakah Semua tes harus di UKDW?,Karena melihat situasi pandemik covid-19 maka sekarang semua tes jadi Online ya .
Apakah tes dilaksanakan secara offline?,Karena melihat situasi pandemik covid-19 maka sekarang semua tes jadi Online ya .
Apakah test dilaksanakan secara offline?,Karena melihat situasi pandemik covid-19 maka sekarang semua tes jadi Online ya .
Apa test dilakukan secara luring?,Karena melihat situasi pandemik covid-19 maka sekarang semua tes jadi Online ya .
Apa tes dilakukan secara luring ?,Karena melihat situasi pandemik covid-19 maka sekarang semua tes jadi Online ya .
Bagaimana bentuk seleksi Jalur Reguler Kini tanpa tes?,"Ya, sekarang hanya seleksi Rapor dan wawancara Online ya"
Bagaimana bentuk seleksi Jalur Reguler Kini tanpa test?,"Ya, sekarang hanya seleksi Rapor dan wawancara Online ya"
Apakah seleksi jalur reguler saat ini tidak ada tes?,"Ya, sekarang hanya seleksi Rapor dan wawancara Online ya"
Apakah seleksi jalur reguler saat ini tidak ada tes?,"Ya, sekarang hanya seleksi Rapor dan wawancara Online ya"
Apakah ada no. rekening UKDW untuk melakukan pembayaran ?,"maaf, sekarang tidak membayar menggunakan no. rekening. Jika ingin mendaftar silahkan isi formulir online dan dapatkan No.billing pembayaran ."
Apa ada nomor rekening UKDW  guna membayar?,"maaf, sekarang tidak membayar menggunakan no. rekening. Jika ingin mendaftar silahkan isi formulir online dan dapatkan No.billing pembayaran ."
Apakah ada nomor rekening untuk melakukan transfer pembayaran?,"maaf, sekarang tidak membayar menggunakan no. rekening. Jika ingin mendaftar silahkan isi formulir online dan dapatkan No.billing pembayaran ."
Ada berapa gelombang untuk tes teologi kak?,Untuk Teologi ada 3 Gelombang ya
Berapakah gelombang test masuk prodi teologi?,Untuk Teologi ada 3 Gelombang ya
Berapa gelombang untuk test teologi?,Untuk Teologi ada 3 Gelombang ya
Jalur prestasi akademik ada berapa gelombang?,JPA sudah gelombang 4 ya. Yukk buruan daftar!
Sekarang JPA udah gelombang berapa kak?,JPA sudah gelombang 4 ya. Yukk buruan daftar!
Penerimaan Mahasiswa Baru di UKDW sampai kapan?,Sampai Bulan Agustus ya
Kapan batas PMB di UKDW?,Sampai Bulan Agustus ya
Kapan tanggal terakhir PMB di UKDW? ,Sampai Bulan Agustus ya
Kapan batas penerimaan baru di UKDW?,Sampai Bulan Agustus ya
Apakah ada prodi Teknik Sipil diUKDW?,"Maaf, untuk prodi Teknik sipil belum ada ya"
Apa ada program studi teknik sipil di UKDW?,"Maaf, untuk prodi Teknik sipil belum ada ya"
Apakah ada prodi Hukum di UKDW?,"Maaf, untuk prodi hukum belum ada ya."
Apa ada program studi hukum di UKDW?,"Maaf, untuk prodi hukum belum ada ya."
Apakah bisa mengganti Jadwal Tes ?,"bisa, silahkan hubungi Nomor telp. Kantor Admisi ya"
Apakah bisa mengganti Jadwal test ?,"bisa, silahkan hubungi Nomor telp. Kantor Admisi ya"
Apakah Akreditas Kampus UKDW?,Kampus UKDW sudah terakreditasi A
Apakah UKDW mempunyai kampus lain selain di jogja?,Kampus UKDW hanya satu dan di jogja aja ya.
Apakah rata-rata nilai 74.9 bisa mendaftar jalur JPA ?,"tidak bisa, Syarat JPA adalah minimal 75. Silahkan daftar jalur reguler ya."
Berapa biaya pendaftaran untuk seleksi mandiri?,biaya pendaftaran 200.000
Berapa biaya pendaftaran untuk seleksi jalur mandiri?,biaya pendaftaran 200.000
Berapa biaya pendaftaran untuk seleksi prestasi?,Biaya pendaftaran Rp. 200.000
Berapa biaya pendaftaran untuk seleksi jalur prestasi?,Biaya pendaftaran Rp. 200.000
Berapa biaya pendaftaran untuk Teologi ?,Biaya Pendaftaran Rp. 500.000
Berapa biaya pendaftaran untuk Kedokteran ?,Biaya pendaftaran Rp. 500.000
Berapa biaya pendaftaran untuk seleksi Reguler?,"Untuk pendaftaran Filsafat Keahlian (Teologi) dan Kedokteran, biaya pendaftaran adalah Rp 500.000.
Selain itu, biaya pendaftaran adalah Rp 200.000."
Berapa biaya pendaftaran untuk jalur Reguler?,"Untuk pendaftaran Filsafat Keahlian (Teologi) dan Kedokteran, biaya pendaftaran adalah Rp 500.000.
Selain itu, biaya pendaftaran adalah Rp 200.000."
Tanggal Berapa Ujian tes Kedokteran Gelombang 1 ?,Ujian Gelombang pertama diadakan pada tanggal 19 - 20 Februari 2021
Tanggal Berapa Ujian tes Kedokteran Gelombang 2 ?,Ujian Gelombang kedua diadakan pada tanggal 18 - 19 Juni 2021
Tanggal Berapa Ujian tes Kedokteran Gelombang 3 ?,Ujian Gelombang ketiga diadakan pada tanggal 16 - 17 Juli 2021
Tanggal Berapa Ujian tes Kedokteran Gelombang 4 ?,Ujian Gelombang keempat diadakan pada tanggal 20 - 21 Agustus 2021
Tanggal Berapa Ujian test Kedokteran Gelombang Satu ?,Ujian Gelombang pertama diadakan pada tanggal 19 - 20 Februari 2021
Tanggal Berapa Ujian test Kedokteran Gelombang Dua ?,Ujian Gelombang kedua diadakan pada tanggal 18 - 19 Juni 2021
Tanggal Berapa Ujian test Kedokteran Gelombang Tiga ?,Ujian Gelombang ketiga diadakan pada tanggal 16 - 17 Juli 2021
Tanggal Berapa Ujian test Kedokteran Gelombang Empat?,Ujian Gelombang keempat diadakan pada tanggal 20 - 21 Agustus 2021
Tanggal Berapa Ujian tes teologi Gelombang 1?,Ujian Test Teologi gelombang pertama diadakan pada tanggal 4 - 5 Juni 2021
Tanggal Berapa Ujian tes teologi Gelombang 2?,Ujian Test Teologi gelombang kedua diadakan pada tanggal 2 - 3 Juli 2021
Tanggal Berapa Ujian tes teologi Gelombang 3?,Ujian Test Teologi gelombang ketiga diadakan pada tanggal 29 - 30 Juli 2021
Tanggal Berapa Ujian test teologi Gelombang 1?,Ujian Test Teologi gelombang pertama diadakan pada tanggal 4 - 5 Juni 2021
Tanggal Berapa Ujian test teologi Gelombang 2?,Ujian Test Teologi gelombang kedua diadakan pada tanggal 2 - 3 Juli 2021
Tanggal Berapa Ujian test teologi Gelombang 3?,Ujian Test Teologi gelombang ketiga diadakan pada tanggal 29 - 30 Juli 2021
Tanggal Berapa Ujian tes teologi Gelombang Satu?,Ujian Test Teologi gelombang pertama diadakan pada tanggal 4 - 5 Juni 2021
Tanggal Berapa Ujian tes teologi Gelombang Dua?,Ujian Test Teologi gelombang kedua diadakan pada tanggal 2 - 3 Juli 2021
Tanggal Berapa Ujian tes teologi Gelombang Tiga?,Ujian Test Teologi gelombang ketiga diadakan pada tanggal 29 - 30 Juli 2021
Apakah ada beasiswa di UKDW ?,"Ya, ada dong."
Apa UKDW menyediakan beasiswa?,"Ya, ada dong."
Apakah terdapat beasiswa di UKDW?,"Ya, ada dong."
Apakah tersedia beasiswa di UKDW?,"Ya, ada dong."
Beasiswa apa saja di UKDW ?,"Beasiswa Talenta Dutawacana , Online Scholarship Competition Metro TV dll.
Untuk info lebih lanjut bisa menghubungi biro 3 : 0812-2823-6737"
Apa saja jenis beasiswa yang tersedia di UKDW?,"Beasiswa Talenta Dutawacana , Online Scholarship Competition Metro TV dll.
Untuk info lebih lanjut bisa menghubungi biro 3 : 0812-2823-6737"
Apa saja daftar beasiswa yang terdapat di UKDW?,"Beasiswa Talenta Dutawacana , Online Scholarship Competition Metro TV dll.
Untuk info lebih lanjut bisa menghubungi biro 3 : 0812-2823-6737"
Apakah Kedokteran ada beasiswa?,"Maaf, Kedokteran tidak mempunyai beasiswa"
Apakah UKDW menyediakan beasiswa untuk kedokteran?,"Maaf, Kedokteran tidak mempunyai beasiswa"
Apakah terdapat beasiswa untuk fakultas kedokteran?,"Maaf, Kedokteran tidak mempunyai beasiswa"
Beasiswa untuk prodi Teologi apa aja ?,"Prodi Teologi tidak ada layanan beasiswa, jika ingin mendapat beasiswa biasanya dari gerejanya masing-masing"
Apakah ada beasiswa untuk program studi teologi?,"Prodi Teologi tidak ada layanan beasiswa, jika ingin mendapat beasiswa biasanya dari gerejanya masing-masing"
Apakah tersedia beasiswa untuk program studi teologi?,"Prodi Teologi tidak ada layanan beasiswa, jika ingin mendapat beasiswa biasanya dari gerejanya masing-masing"
Adakah beasiswa full dari UKDW?,"Iya ada, Namanya beasiswa Talenta"
apakah tersedia beasiswa penuh dari UKDW?,"Iya ada, Namanya beasiswa Talenta"
Apakah bidikmisi berlaku di UKDW?,"Iya, Bidikmisi ada kuota untuk UKDW."
Apakah tersedia beasiswa bidikmisi di UKDW?,"Iya, Bidikmisi ada kuota untuk UKDW."
Apakah bidik misi berlaku di UKDW?,"Iya, Bidikmisi ada kuota untuk UKDW."
Apa terdapat beasiswa bidik misi di UKDW?,"Iya, Bidikmisi ada kuota untuk UKDW."
Berapa Biaya pendidikan Kedokteran awal masuk ?,Untuk Total uang masuk estimasi sekitar Rp. 265.000.000
Berapakah biaya awal pendidikan kedokteran ?,Untuk Total uang masuk estimasi sekitar Rp. 265.000.000
Berapakah kisaran biaya awal kedokteran?,Untuk Total uang masuk estimasi sekitar Rp. 265.000.000
Berapa uang pembangunan khusus kedokteran ?,Rp. 250.000.000 berlaku tahun 2021
Berapakah biaya DPFP khusus kedokteran?,Rp. 250.000.000 berlaku tahun 2021
Berapa biaya pembangunan untuk kedokteran?,Rp. 250.000.000 berlaku tahun 2021
Berapakah uang DPFP khusus kedokteran?,Rp. 250.000.000 berlaku tahun 2021
Berapa biaya kuliah awal untuk teologi?,"Biaya 1 : 9.690.000 dan Biaya 2 : 12.000.000, Jadi total : Rp.21.690.000"
Berapa biaya kuliah awal masuk untuk Arsitektur?,"Biaya 1 : 9.380.000 dan Biaya 2 : 20.000.000, Jadi total : Rp.29.380.000"
Berapa biaya kuliah Awal masuk untuk Desain produk ?,"Biaya 1 : 9.190.000 dan Biaya 2 : 18.000.000, Jadi total : Rp.27.190.000"
Berapa biaya kuliah Awal masuk untuk Manajemen ?,"Biaya 1 : 8.050.000 dan Biaya 2 : 18.000.000, Jadi total : Rp.26.050.000"
Berapa biaya kuliah Awal masuk untuk Akuntansi ?,"Biaya 1 : 8.430.000 dan Biaya 2 : 18.000.000, Jadi total : Rp.26.430.000"
Berapa biaya kuliah Awal masuk untuk Biologi ?,"Biaya 1 : 9.380.000 dan Biaya 2 : 18.000.000, Jadi total : Rp.27.380.000"
Berapa biaya kuliah Awal masuk untuk Informatika ?,"Biaya 1 : 9.110.000 dan Biaya 2 : 20.000.000, Jadi total : Rp.29.110.000"
Berapa biaya kuliah Awal masuk untuk Sistem Informasi ?,"Biaya 1 : 9.870.000 dan Biaya 2 : 20.000.000, Jadi total : Rp.29.870.000"
Berapa biaya kuliah Awal masuk untuk P. Bahasa Inggris ?,"Biaya 1 : 7.910.000 dan Biaya 2 : 15.000.000, Jadi total : Rp.22.910.000"
Berapa biaya pendidikan awal untuk teologi?,"Biaya 1 : 9.690.000 dan Biaya 2 : 12.000.000, Jadi total : Rp.21.690.000"
Berapa biaya pendidikan awal masuk untuk Arsitektur?,"Biaya 1 : 9.380.000 dan Biaya 2 : 20.000.000, Jadi total : Rp.29.380.000"
Berapa biaya pendidikan Awal masuk untuk Desain produk ?,"Biaya 1 : 9.190.000 dan Biaya 2 : 18.000.000, Jadi total : Rp.27.190.000"
Berapa biaya pendidikan Awal masuk untuk Manajemen ?,"Biaya 1 : 8.050.000 dan Biaya 2 : 18.000.000, Jadi total : Rp.26.050.000"
Berapa biaya pendidikan Awal masuk untuk Akuntansi ?,"Biaya 1 : 8.430.000 dan Biaya 2 : 18.000.000, Jadi total : Rp.26.430.000"
Berapa biaya pendidikan Awal masuk untuk Biologi ?,"Biaya 1 : 9.380.000 dan Biaya 2 : 18.000.000, Jadi total : Rp.27.380.000"
Berapa biaya pendidikan Awal masuk untuk Informatika ?,"Biaya 1 : 9.110.000 dan Biaya 2 : 20.000.000, Jadi total : Rp.29.110.000"
Berapa biaya pendidikan Awal masuk untuk Sistem Informasi ?,"Biaya 1 : 9.870.000 dan Biaya 2 : 20.000.000, Jadi total : Rp.29.870.000"
Berapa biaya pendidikan Awal masuk untuk P. Bahasa Inggris ?,"Biaya 1 : 7.910.000 dan Biaya 2 : 15.000.000, Jadi total : Rp.22.910.000"
Akreditasi Prodi Informatika apa ya kak?,Prodi Informatika memiliki akreditasi B
Akreditasi program studi Informatika apa ya kak?,Prodi Informatika memiliki akreditasi B
Akreditasi Prodi Sistem Informasi apa ya kak?,Prodi Sistem Informasi memiliki akreditasi B
Akreditasi Program studi Sistem Informasi apa ya kak?,Prodi Sistem Informasi memiliki akreditasi B
Akreditasi Prodi Manajemen apa ya kak?,Prodi Manajemen memiliki akreditasi B
Akreditasi Program studi Manajemen apa ya kak?,Prodi Manajemen memiliki akreditasi B
Akreditasi Prodi Akuntansi apa ya kak?,Prodi Akuntansi memiliki akreditasi B
Akreditasi Program studi Akuntansi apa ya kak?,Prodi Akuntansi memiliki akreditasi B
Akreditasi Prodi Arsitektur apa ya kak?,Prodi Arsitektur memiliki akreditasi A
Akreditasi Program studi Arsitektur apa ya kak?,Prodi Arsitektur memiliki akreditasi A
Akreditasi Prodi Desain produk apa ya kak?,Prodi Desain Produk memiliki akreditasi B
Akreditasi Program studi Desain produk apa ya kak?,Prodi Desain Produk memiliki akreditasi B
Akreditasi Prodi Biologi apa ya kak?,Prodi Biologi memiliki akreditasi A
Akreditasi Program studi Biologi apa ya kak?,Prodi Biologi memiliki akreditasi A
Akreditasi Prodi Teologi apa ya kak?,Prodi Teologi memiliki akreditasi A
Akreditasi Program studi Teologi apa ya kak?,Prodi Teologi memiliki akreditasi A
Akreditasi Prodi Kedokteran apa ya kak?,Prodi Kedokteran memiliki akreditasi B
Akreditasi Program studi Kedokteran apa ya kak?,Prodi Kedokteran memiliki akreditasi B
Akreditasi Prodi Pendidikan Bahasa Inggris apa ya kak?,Prodi Pendidikan Bahasa Inggris memiliki akreditasi B
Akreditasi Program studi Pendidikan Bahasa Inggris apa ya kak?,Prodi Pendidikan Bahasa Inggris memiliki akreditasi B
Akreditasi Jurusan Informatika apa ya kak?,Prodi Informatika memiliki akreditasi B
Akreditasi Jurusan Sistem Informasi apa ya kak?,Prodi Sistem Informasi memiliki akreditasi B
Akreditasi Jurusan Teologi apa ya kak?,Prodi Teologi memiliki akreditasi A
Akreditasi Jurusan Kedokteran apa ya kak?,Prodi Kedokteran memiliki akreditasi B
Akreditasi Jurusan Desain Produk apa ya kak?,Prodi Desain Produk memiliki akreditasi B
Akreditasi Jurusan Pendidikan Bahasa Inggris apa ya kak?,Prodi Pendidikan Bahasa Inggris memiliki akreditasi B
Akreditasi Jurusan Arsitektur apa ya kak?,Prodi Arsitektur memiliki akreditasi A
Akreditasi Jurusan Akuntansi apa ya kak?,Prodi Akuntansi memiliki akreditasi B
Akreditasi Jurusan Manajemen apa ya kak?,Prodi Manajemen memiliki akreditasi B
Akreditasi Jurusan Biologi apa ya kak?,Prodi Biologi memiliki akreditasi A
Berapa jumlah fakultas di UKDW?,"Di UKDW terdapat 7 Fakultas, antara lain Teologi, Arsiktektur dan Desain, Bioteknologi, Bisnis, Teknik Informatika, Kedokteran, dan Kependidikan & Humaniora"
Di UKDW ada berapa fakultas?,"Di UKDW terdapat 7 Fakultas, antara lain Teologi, Arsiktektur dan Desain, Bioteknologi, Bisnis, Teknik Informatika, Kedokteran, dan Kependidikan & Humaniora"
Apakah syarat pendaftaran jurusan Informatika?,"Untuk syarat pendaftaran jalur seleksi prestasi dan seleksi mandiri, silahkan mengunjungi laman pmb.ukdw.ac.id/info/prestasi

Untuk syarat pendaftaram jalur seleksi reguler, silahkan mengunjungi pmb.ukdw.ac.id/info/reguler"
Apakah syarat pendaftaran prodi Informatika?,"Untuk syarat pendaftaran jalur seleksi prestasi dan seleksi mandiri, silahkan mengunjungi laman pmb.ukdw.ac.id/info/prestasi

Untuk syarat pendaftaram jalur seleksi reguler, silahkan mengunjungi pmb.ukdw.ac.id/info/reguler"
Apakah syarat pendaftaran program studi Informatika?,"Untuk syarat pendaftaran jalur seleksi prestasi dan seleksi mandiri, silahkan mengunjungi laman pmb.ukdw.ac.id/info/prestasi

Untuk syarat pendaftaram jalur seleksi reguler, silahkan mengunjungi pmb.ukdw.ac.id/info/reguler"
Apakah syarat pendaftaran jurusan biologi?,"Untuk syarat pendaftaran jalur seleksi prestasi dan seleksi mandiri, silahkan mengunjungi laman pmb.ukdw.ac.id/info/prestasi

Untuk syarat pendaftaram jalur seleksi reguler, silahkan mengunjungi pmb.ukdw.ac.id/info/reguler"
Apakah syarat pendaftaran prodi  biologi?,"Untuk syarat pendaftaran jalur seleksi prestasi dan seleksi mandiri, silahkan mengunjungi laman pmb.ukdw.ac.id/info/prestasi

Untuk syarat pendaftaram jalur seleksi reguler, silahkan mengunjungi pmb.ukdw.ac.id/info/reguler"
Apakah syarat pendaftaran program studi biologi?,"Untuk syarat pendaftaran jalur seleksi prestasi dan seleksi mandiri, silahkan mengunjungi laman pmb.ukdw.ac.id/info/prestasi

Untuk syarat pendaftaram jalur seleksi reguler, silahkan mengunjungi pmb.ukdw.ac.id/info/reguler"
Apakah syarat pendaftaran jurusan desain produk?,"Untuk syarat pendaftaran jalur seleksi prestasi dan seleksi mandiri, silahkan mengunjungi laman pmb.ukdw.ac.id/info/prestasi

Untuk syarat pendaftaram jalur seleksi reguler, silahkan mengunjungi pmb.ukdw.ac.id/info/reguler"
Apakah syarat pendaftaran prodi desain produk?,"Untuk syarat pendaftaran jalur seleksi prestasi dan seleksi mandiri, silahkan mengunjungi laman pmb.ukdw.ac.id/info/prestasi

Untuk syarat pendaftaram jalur seleksi reguler, silahkan mengunjungi pmb.ukdw.ac.id/info/reguler"
Apakah syarat pendaftaran program studi desain produk?,"Untuk syarat pendaftaran jalur seleksi prestasi dan seleksi mandiri, silahkan mengunjungi laman pmb.ukdw.ac.id/info/prestasi

Untuk syarat pendaftaram jalur seleksi reguler, silahkan mengunjungi pmb.ukdw.ac.id/info/reguler"
Apakah syarat pendaftaran jurusan arsitektur?,"Untuk syarat pendaftaran jalur seleksi prestasi dan seleksi mandiri, silahkan mengunjungi laman pmb.ukdw.ac.id/info/prestasi

Untuk syarat pendaftaram jalur seleksi reguler, silahkan mengunjungi pmb.ukdw.ac.id/info/reguler"
Apakah syarat pendaftaran prodi arsitektur?,"Untuk syarat pendaftaran jalur seleksi prestasi dan seleksi mandiri, silahkan mengunjungi laman pmb.ukdw.ac.id/info/prestasi

Untuk syarat pendaftaram jalur seleksi reguler, silahkan mengunjungi pmb.ukdw.ac.id/info/reguler"
Apakah syarat pendaftaran program studi arsitektur?,"Untuk syarat pendaftaran jalur seleksi prestasi dan seleksi mandiri, silahkan mengunjungi laman pmb.ukdw.ac.id/info/prestasi

Untuk syarat pendaftaram jalur seleksi reguler, silahkan mengunjungi pmb.ukdw.ac.id/info/reguler"
Apakah syarat pendaftaran jurusan manajemen?,"Untuk syarat pendaftaran jalur seleksi prestasi dan seleksi mandiri, silahkan mengunjungi laman pmb.ukdw.ac.id/info/prestasi

Untuk syarat pendaftaram jalur seleksi reguler, silahkan mengunjungi pmb.ukdw.ac.id/info/reguler"
Apakah syarat pendaftaran prodi manajemen?,"Untuk syarat pendaftaran jalur seleksi prestasi dan seleksi mandiri, silahkan mengunjungi laman pmb.ukdw.ac.id/info/prestasi

Untuk syarat pendaftaram jalur seleksi reguler, silahkan mengunjungi pmb.ukdw.ac.id/info/reguler"
Apakah syarat pendaftaran program studi manajemen?,"Untuk syarat pendaftaran jalur seleksi prestasi dan seleksi mandiri, silahkan mengunjungi laman pmb.ukdw.ac.id/info/prestasi

Untuk syarat pendaftaram jalur seleksi reguler, silahkan mengunjungi pmb.ukdw.ac.id/info/reguler"
Apakah syarat pendaftaran jurusan akuntansi?,"Untuk syarat pendaftaran jalur seleksi prestasi dan seleksi mandiri, silahkan mengunjungi laman pmb.ukdw.ac.id/info/prestasi

Untuk syarat pendaftaram jalur seleksi reguler, silahkan mengunjungi pmb.ukdw.ac.id/info/reguler"
Apakah syarat pendaftaran prodi akuntansi?,"Untuk syarat pendaftaran jalur seleksi prestasi dan seleksi mandiri, silahkan mengunjungi laman pmb.ukdw.ac.id/info/prestasi

Untuk syarat pendaftaram jalur seleksi reguler, silahkan mengunjungi pmb.ukdw.ac.id/info/reguler"
Apakah syarat pendaftaran program studi akuntansi?,"Untuk syarat pendaftaran jalur seleksi prestasi dan seleksi mandiri, silahkan mengunjungi laman pmb.ukdw.ac.id/info/prestasi

Untuk syarat pendaftaram jalur seleksi reguler, silahkan mengunjungi pmb.ukdw.ac.id/info/reguler"
Apakah syarat pendaftaran jurusan pendidikan bahasa inggris?,"Untuk syarat pendaftaran jalur seleksi prestasi dan seleksi mandiri, silahkan mengunjungi laman pmb.ukdw.ac.id/info/prestasi

Untuk syarat pendaftaram jalur seleksi reguler, silahkan mengunjungi pmb.ukdw.ac.id/info/reguler"
Apakah syarat pendaftaran prodi pendidikan bahasa inggris?,"Untuk syarat pendaftaran jalur seleksi prestasi dan seleksi mandiri, silahkan mengunjungi laman pmb.ukdw.ac.id/info/prestasi

Untuk syarat pendaftaram jalur seleksi reguler, silahkan mengunjungi pmb.ukdw.ac.id/info/reguler"
Apakah syarat pendaftaran program studi pendidikan bahasa inggris?,"Untuk syarat pendaftaran jalur seleksi prestasi dan seleksi mandiri, silahkan mengunjungi laman pmb.ukdw.ac.id/info/prestasi

Untuk syarat pendaftaram jalur seleksi reguler, silahkan mengunjungi pmb.ukdw.ac.id/info/reguler"
Apakah syarat pendaftaran jurusan bahasa inggris?,"Untuk syarat pendaftaran jalur seleksi prestasi dan seleksi mandiri, silahkan mengunjungi laman pmb.ukdw.ac.id/info/prestasi

Untuk syarat pendaftaram jalur seleksi reguler, silahkan mengunjungi pmb.ukdw.ac.id/info/reguler"
Apakah syarat pendaftaran prodi bahasa inggris?,"Untuk syarat pendaftaran jalur seleksi prestasi dan seleksi mandiri, silahkan mengunjungi laman pmb.ukdw.ac.id/info/prestasi

Untuk syarat pendaftaram jalur seleksi reguler, silahkan mengunjungi pmb.ukdw.ac.id/info/reguler"
Apakah syarat pendaftaran program studi bahasa inggris?,"Untuk syarat pendaftaran jalur seleksi prestasi dan seleksi mandiri, silahkan mengunjungi laman pmb.ukdw.ac.id/info/prestasi

Untuk syarat pendaftaram jalur seleksi reguler, silahkan mengunjungi pmb.ukdw.ac.id/info/reguler"
Apakah syarat pendaftaran jurusan kedokteran?,"Untuk syarat pendaftaran jalur seleksi prestasi dan seleksi mandiri, silahkan mengunjungi laman pmb.ukdw.ac.id/info/prestasi

Untuk syarat pendaftaram jalur seleksi reguler, silahkan mengunjungi pmb.ukdw.ac.id/info/reguler"
Apakah syarat pendaftaran prodi kedokteran?,"Untuk syarat pendaftaran jalur seleksi prestasi dan seleksi mandiri, silahkan mengunjungi laman pmb.ukdw.ac.id/info/prestasi

Untuk syarat pendaftaram jalur seleksi reguler, silahkan mengunjungi pmb.ukdw.ac.id/info/reguler"
Apakah syarat pendaftaran program studi kedokteran?,"Untuk syarat pendaftaran jalur seleksi prestasi dan seleksi mandiri, silahkan mengunjungi laman pmb.ukdw.ac.id/info/prestasi

Untuk syarat pendaftaram jalur seleksi reguler, silahkan mengunjungi pmb.ukdw.ac.id/info/reguler"
Apakah syarat pendaftaran jurusan teologi?,"Untuk syarat pendaftaran jalur seleksi prestasi dan seleksi mandiri, silahkan mengunjungi laman pmb.ukdw.ac.id/info/prestasi

Untuk syarat pendaftaram jalur seleksi reguler, silahkan mengunjungi pmb.ukdw.ac.id/info/reguler"
Apakah syarat pendaftaran prodi teologi?,"Untuk syarat pendaftaran jalur seleksi prestasi dan seleksi mandiri, silahkan mengunjungi laman pmb.ukdw.ac.id/info/prestasi

Untuk syarat pendaftaram jalur seleksi reguler, silahkan mengunjungi pmb.ukdw.ac.id/info/reguler"
Apakah syarat pendaftaran program studi teologi?,"Untuk syarat pendaftaran jalur seleksi prestasi dan seleksi mandiri, silahkan mengunjungi laman pmb.ukdw.ac.id/info/prestasi

Untuk syarat pendaftaram jalur seleksi reguler, silahkan mengunjungi pmb.ukdw.ac.id/info/reguler"
Tanggal berapa batas pembayaran formulir pendaftaran?,"Batas pembayaran form pendaftaran adalah tanggal terakhir setiap gelombang. Anda dapat memilih gelombang berapa yang anda ingin ikuti.
Informasi lebih lanjut silahkan mengunjungi laman pmb.ukdw.ac.id"
Kapan batas akhir pembayaran formulir pendaftaran?,"Batas pembayaran form pendaftaran adalah tanggal terakhir setiap gelombang. Anda dapat memilih gelombang berapa yang anda ingin ikuti.
Informasi lebih lanjut silahkan mengunjungi laman pmb.ukdw.ac.id"
"Di UKDW , terdapat berapa jalur penerimaan?","UKDW menyediakan 3 jalur PMB, yaitu Jalur Prestasi, Jalur Mandiri dan Jalur Reguler"
Ada berapa jalur penerimaan mahasiswa baru di UKDW?,"UKDW menyediakan 3 jalur PMB, yaitu Jalur Prestasi, Jalur Mandiri dan Jalur Reguler"
Ada berapa jalur seleksi penerimaan mahasiswa baru di UKDW?,"UKDW menyediakan 3 jalur PMB, yaitu Jalur Prestasi, Jalur Mandiri dan Jalur Reguler"
"Di UKDW , terdapat berapa jalur seleksi?","UKDW menyediakan 3 jalur PMB, yaitu Jalur Prestasi, Jalur Mandiri dan Jalur Reguler"
"Di UKDW , terdapat berapa jalur seleksi penerimaan?","UKDW menyediakan 3 jalur PMB, yaitu Jalur Prestasi, Jalur Mandiri dan Jalur Reguler"
Ada berapa jalur PMB di UKDW?,"UKDW menyediakan 3 jalur PMB, yaitu Jalur Prestasi, Jalur Mandiri dan Jalur Reguler"
Apa itu jalur prestasi?,"Jalur Prestasi adalah seleksi Penerimaan Mahasiswa Baru berdasarkan nilai Rapor, berlaku untuk program studi?Non Kedokteran dan Non Filsafat Keilahian.
Nilai rapor yang di gunakan?kelas 10 dan 11?SMA/SMK/Setara"
Apa itu seleksi prestasi?,"Jalur Prestasi adalah seleksi Penerimaan Mahasiswa Baru berdasarkan nilai Rapor, berlaku untuk program studi?Non Kedokteran dan Non Filsafat Keilahian.
Nilai rapor yang di gunakan?kelas 10 dan 11?SMA/SMK/Setara"
Apa itu jalur prestasi akademik?,"Jalur Prestasi adalah seleksi Penerimaan Mahasiswa Baru berdasarkan nilai Rapor, berlaku untuk program studi?Non Kedokteran dan Non Filsafat Keilahian.
Nilai rapor yang di gunakan?kelas 10 dan 11?SMA/SMK/Setara"
Apa itu jalur seleksi prestasi?,"Jalur Prestasi adalah seleksi Penerimaan Mahasiswa Baru berdasarkan nilai Rapor, berlaku untuk program studi?Non Kedokteran dan Non Filsafat Keilahian.
Nilai rapor yang di gunakan?kelas 10 dan 11?SMA/SMK/Setara"
Apa itu jalur seleksi prestasi akademik?,"Jalur Prestasi adalah seleksi Penerimaan Mahasiswa Baru berdasarkan nilai Rapor, berlaku untuk program studi?Non Kedokteran dan Non Filsafat Keilahian.
Nilai rapor yang di gunakan?kelas 10 dan 11?SMA/SMK/Setara"
Apa itu jalur mandiri?,"Jalur Mandiri merupakan seleksi Penerimaan Mahasiswa Baru berdasarkan pada nilai rapor diluar skema?Seleksi Prestasi, berlaku untuk Prodi?Non Kedokteran dan Non Filsafat Keilahian.
Nilai rapor yang di gunakan?kelas 10 dan 11?SMA/SMK/Setara."
Apa itu seleksi mandiri?,"Jalur Mandiri merupakan seleksi Penerimaan Mahasiswa Baru berdasarkan pada nilai rapor diluar skema?Seleksi Prestasi, berlaku untuk Prodi?Non Kedokteran dan Non Filsafat Keilahian.
Nilai rapor yang di gunakan?kelas 10 dan 11?SMA/SMK/Setara."
Apa itu jalur seleksi mandiri?,"Jalur Mandiri merupakan seleksi Penerimaan Mahasiswa Baru berdasarkan pada nilai rapor diluar skema?Seleksi Prestasi, berlaku untuk Prodi?Non Kedokteran dan Non Filsafat Keilahian.
Nilai rapor yang di gunakan?kelas 10 dan 11?SMA/SMK/Setara."
Tanggal berapa batas pendaftaran jalur seleksi reguler?,Batas pendaftaran gelombang terakhir dapat bervariasi dan bergantung kepada program studi yang anda tuju. Untuk informasi lebih lengkap silahkan mengunjungi laman pmb.ukdw.ac.id/info/reguler
Kapan batas pendaftaran jalur seleksi reguler?,Batas pendaftaran gelombang terakhir dapat bervariasi dan bergantung kepada program studi yang anda tuju. Untuk informasi lebih lengkap silahkan mengunjungi laman pmb.ukdw.ac.id/info/reguler
Tanggal berapa batas akhir pendaftaran jalur seleksi reguler?,Batas pendaftaran gelombang terakhir dapat bervariasi dan bergantung kepada program studi yang anda tuju. Untuk informasi lebih lengkap silahkan mengunjungi laman pmb.ukdw.ac.id/info/reguler
Kapan batas akhir pendaftaran jalur seleksi reguler?,Batas pendaftaran gelombang terakhir dapat bervariasi dan bergantung kepada program studi yang anda tuju. Untuk informasi lebih lengkap silahkan mengunjungi laman pmb.ukdw.ac.id/info/reguler
Kapan batas pendaftaran jalur reguler?,Batas pendaftaran gelombang terakhir dapat bervariasi dan bergantung kepada program studi yang anda tuju. Untuk informasi lebih lengkap silahkan mengunjungi laman pmb.ukdw.ac.id/info/reguler
Kapan batas pendaftaran seleksi reguler?,Batas pendaftaran gelombang terakhir dapat bervariasi dan bergantung kepada program studi yang anda tuju. Untuk informasi lebih lengkap silahkan mengunjungi laman pmb.ukdw.ac.id/info/reguler
